"des","orbit_id","jd","cd","dist","dist_min","dist_max","v_rel","v_inf","t_sigma_f","h","fullname"
"2007 JB21","9","2418800.878283280","1910-May-09 09:05","0.0020925812637796","0.000330379338764904","0.00489001931160697","7.59151917808528","7.4218978450753","00:25","25.4","       (2007 JB21)"